Distribution,Parameters,KS_pvalue
cauchy,"(1.0163553825556075, 0.07178465589463423)",0.5150896855758388
