Distribution,Parameters,KS_pvalue,Mean,StdDev,Skewness,Kurtosis
norm,"(1.2075342082977294, 0.32834944682081607)",0.00024153921690843724,1.2075342082977294,0.32834944682081607,2.307425410493124,6.007398978849048
expon,"(0.9426326751708984, 0.26490153312683096)",0.16362842185575954,1.2075342082977294,0.32834944682081607,2.307425410493124,6.007398978849048
lognorm,"(1.1920404243981528, 0.9353902895268211, 0.14427033807812217)",0.9857997183459594,1.2075342082977294,0.32834944682081607,2.307425410493124,6.007398978849048
weibull_min,"(0.8914137846013478, 0.9426326751708983, 0.2874303063159406)",0.10156215734248641,1.2075342082977294,0.32834944682081607,2.307425410493124,6.007398978849048
gamma,"(0.8036265279586683, 0.9426326751708983, 0.36090270827383536)",0.1925617565978237,1.2075342082977294,0.32834944682081607,2.307425410493124,6.007398978849048
erlang,"(0.7448627453241989, 0.942632675170235, 0.34967957996075033)",0.7405336834969496,1.2075342082977294,0.32834944682081607,2.307425410493124,6.007398978849048
