Distribution,Parameters,KS_pvalue
weibull_min,"(1.3221333161942999, 166.54657671403197, 73.67581419043682)",0.830866630645679
