Distribution,Parameters,KS_pvalue
cauchy,"(0.6415796461211702, 0.02028293521575942)",0.8681955682298624
