Distribution,Parameters,KS_pvalue,Mean,StdDev,Skewness,Kurtosis
norm,"(0.9780383229255676, 0.17791605074959088)",0.019169454754824344,0.9780383229255676,0.17791605074959088,1.3765289816732196,2.1550916101711013
expon,"(0.7940673828125, 0.18397094011306758)",0.009417285731124991,0.9780383229255676,0.17791605074959088,1.3765289816732196,2.1550916101711013
lognorm,"(1.239915156884033, 0.7904831036601112, 0.1034246865226253)",0.005086678881511042,0.9780383229255676,0.17791605074959088,1.3765289816732196,2.1550916101711013
weibull_min,"(0.9056194720968374, 0.7940673828124998, 0.182620392089284)",0.04355677505028588,0.9780383229255676,0.17791605074959088,1.3765289816732196,2.1550916101711013
gamma,"(0.782419979369831, 0.7940673828124999, 0.22608999756302528)",0.011126672688945183,0.9780383229255676,0.17791605074959088,1.3765289816732196,2.1550916101711013
erlang,"(0.7919647626687714, 0.7940673828124998, 0.2341498709435917)",0.02795307636277855,0.9780383229255676,0.17791605074959088,1.3765289816732196,2.1550916101711013
