Distribution,Parameters,KS_pvalue
weibull_min,"(1.0671914706093482, 3.373625262240306, 1.0951465592354166)",0.9741232161080985
