Distribution,Parameters,KS_pvalue
lognorm,"(0.9377502454000858, 3.196533099091627, 0.5901878190593334)",0.8925716646565511
