Distribution,Parameters,KS_pvalue
weibull_min,"(1.2365007478001528, 6.018301067464316, 1.2526409618855374)",0.6979023631430014
