Distribution,Parameters,KS_pvalue
weibull_min,"(1.0312618694850066, 0.8174790333379325, 0.16556885758544265)",0.2544367475812518
