Distribution,Parameters,KS_pvalue
lognorm,"(0.6102686937681471, 3.3772486057305384, 0.8398421049452021)",0.3850948144439501
