Distribution,Parameters,KS_pvalue
cauchy,"(1.8494861349031655, 0.10152621460534295)",0.37545364782674207
