Distribution,Parameters,KS_pvalue
erlang,"(2.290346146567283, 1.7284381938220945, 0.3059710362239828)",0.98416771327378
