Distribution,Parameters,KS_pvalue
cauchy,"(1.800528444765009, 0.08167065403678261)",0.4702036968833524
