Distribution,Parameters,KS_pvalue
logistic,"(0.7469735110241297, 0.06958691094314501)",0.43996430251549756
