Distribution,Parameters,KS_pvalue
lognorm,"(1.0100331313743398, 1.8097786702078207, 0.5097954590706111)",0.9969898060792948
