Distribution,Parameters,KS_pvalue
cauchy,"(0.4616410256055319, 0.037663904299344866)",0.9965927694836317
